Gender,Height,Weight,Index
Male,174,96,4
Male,189,87,2
Female,185,110,4
Female,195,104,3
Male,159,61,3
Male,189,104,3
Male,167,92,5
Male,154,111,5
Male,174,90,3
Female,169,103,4
Male,195,81,2
Female,159,80,4
Female,192,101,3
Male,155,51,2
Male,191,79,2
Female,153,107,5
Female,157,110,5
Male,160,129,5
Male,174,145,5
Male,172,139,5
Male,157,110,5
Female,153,149,5
Female,169,97,4
Male,185,139,5
Female,172,67,2
Female,151,64,3
Male,190,95,3
Male,187,62,1
Female,163,159,5
Male,179,152,5
Male,153,121,5
Male,178,52,1
Female,195,65,1
Female,160,131,5
Male,198,109,3
Male,147,142,5
Male,154,112,5
Female,178,65,2
Male,195,153,5
Female,167,79,3
Male,183,131,4
Female,164,142,5
Male,167,64,2
Female,151,55,2
Female,147,107,5
Female,155,115,5
Female,152,108,4
Female,142,86,5
Male,146,85,4
Female,182,115,4
Male,173,111,4
Female,160,109,5
Male,187,80,2
Male,198,136,4
Female,179,150,5
Female,164,59,2
Female,146,147,5
Female,198,50,0
Female,170,53,1
Male,152,98,5
Female,150,153,5
Female,184,121,4
Female,141,136,5
Male,163,95,5
Male,173,131,5
Male,182,73,2
Male,143,149,5
Male,192,146,5
Male,178,138,5
Female,157,60,2
Male,184,83,2
Male,197,88,2
Female,160,51,2
Male,184,153,5
Male,190,50,0
Male,174,90,3